ID;TIME;POS X;VEL X;ACCEL X;POS X init;VEL X init;POS Y;VEL Y;ACCEL Y;POS Y init;VEL Y init
0;0;27.378824422434754;6.843919091326253;0.0;27.378824422434754;6.843919091326253;42.71475956251557;-28.928364168912346;9.8;42.71475956251557;-28.928364168912346
0;0.008;27.433575775165362;6.843919091326253;0.0;27.378824422434754;6.843919091326253;42.483646249164266;-28.849964168912347;9.8;42.71475956251557;-28.928364168912346
0;0.017;27.4951710469873;6.843919091326253;0.0;27.378824422434754;6.843919091326253;42.224393471644056;-28.761764168912347;9.8;42.71475956251557;-28.928364168912346
0;0.025;27.54992239971791;6.843919091326253;0.0;27.378824422434754;6.843919091326253;41.994612958292755;-28.683364168912345;9.8;42.71475956251557;-28.928364168912346
0;0.034;27.611517671539847;6.843919091326253;0.0;27.378824422434754;6.843919091326253;41.736859580772546;-28.595164168912344;9.8;42.71475956251557;-28.928364168912346
0;0.043000000000000003;27.673112943361783;6.843919091326253;0.0;27.378824422434754;6.843919091326253;41.47990000325234;-28.506964168912347;9.8;42.71475956251557;-28.928364168912346
0;0.052000000000000005;27.73470821518372;6.843919091326253;0.0;27.378824422434754;6.843919091326253;41.22373422573212;-28.418764168912347;9.8;42.71475956251557;-28.928364168912346
0;0.061000000000000006;27.796303487005655;6.843919091326253;0.0;27.378824422434754;6.843919091326253;40.96836224821192;-28.330564168912346;9.8;42.71475956251557;-28.928364168912346
0;0.069;27.851054839736264;6.843919091326253;0.0;27.378824422434754;6.843919091326253;40.74203133486061;-28.252164168912344;9.8;42.71475956251557;-28.928364168912346
0;0.07700000000000001;27.905806192466876;6.843919091326253;0.0;27.378824422434754;6.843919091326253;40.51632762150932;-28.173764168912346;9.8;42.71475956251557;-28.928364168912346
0;0.08500000000000002;27.960557545197485;6.843919091326253;0.0;27.378824422434754;6.843919091326253;40.291251108158015;-28.095364168912344;9.8;42.71475956251557;-28.928364168912346
0;0.09400000000000001;28.02215281701942;6.843919091326253;0.0;27.378824422434754;6.843919091326253;40.03878973063781;-28.007164168912347;9.8;42.71475956251557;-28.928364168912346
0;0.10200000000000001;28.07690416975003;6.843919091326253;0.0;27.378824422434754;6.843919091326253;39.815046017286505;-27.928764168912345;9.8;42.71475956251557;-28.928364168912346
0;0.111;28.138499441571966;6.843919091326253;0.0;27.378824422434754;6.843919091326253;39.5640840397663;-27.840564168912344;9.8;42.71475956251557;-28.928364168912346
0;0.119;28.19325079430258;6.843919091326253;0.0;27.378824422434754;6.843919091326253;39.341673126414996;-27.762164168912346;9.8;42.71475956251557;-28.928364168912346
0;0.128;28.254846066124514;6.843919091326253;0.0;27.378824422434754;6.843919091326253;39.09221054889478;-27.673964168912345;9.8;42.71475956251557;-28.928364168912346
0;0.137;28.31644133794645;6.843919091326253;0.0;27.378824422434754;6.843919091326253;38.843541771374575;-27.585764168912345;9.8;42.71475956251557;-28.928364168912346
0;0.14500000000000002;28.37119269067706;6.843919091326253;0.0;27.378824422434754;6.843919091326253;38.623169258023275;-27.507364168912346;9.8;42.71475956251557;-28.928364168912346
0;0.15400000000000003;28.432787962498995;6.843919091326253;0.0;27.378824422434754;6.843919091326253;38.375999880503066;-27.419164168912346;9.8;42.71475956251557;-28.928364168912346
0;0.16300000000000003;28.49438323432093;6.843919091326253;0.0;27.378824422434754;6.843919091326253;38.129624302982855;-27.330964168912345;9.8;42.71475956251557;-28.928364168912346
0;0.17200000000000004;28.55597850614287;6.843919091326253;0.0;27.378824422434754;6.843919091326253;37.88404252546265;-27.242764168912345;9.8;42.71475956251557;-28.928364168912346
0;0.18000000000000005;28.61072985887348;6.843919091326253;0.0;27.378824422434754;6.843919091326253;37.666414012111346;-27.164364168912346;9.8;42.71475956251557;-28.928364168912346
0;0.18900000000000006;28.672325130695416;6.843919091326253;0.0;27.378824422434754;6.843919091326253;37.42233163459113;-27.076164168912346;9.8;42.71475956251557;-28.928364168912346
0;0.19800000000000006;28.733920402517352;6.843919091326253;0.0;27.378824422434754;6.843919091326253;37.17904305707092;-26.987964168912345;9.8;42.71475956251557;-28.928364168912346
0;0.20700000000000007;28.79551567433929;6.843919091326253;0.0;27.378824422434754;6.843919091326253;36.936548279550706;-26.899764168912345;9.8;42.71475956251557;-28.928364168912346
0;0.21500000000000008;28.850267027069897;6.843919091326253;0.0;27.378824422434754;6.843919091326253;36.72166376619941;-26.821364168912346;9.8;42.71475956251557;-28.928364168912346
0;0.2230000000000001;28.90501837980051;6.843919091326253;0.0;27.378824422434754;6.843919091326253;36.507406452848116;-26.742964168912344;9.8;42.71475956251557;-28.928364168912346
0;0.2320000000000001;28.966613651622446;6.843919091326253;0.0;27.378824422434754;6.843919091326253;36.2671166753279;-26.654764168912344;9.8;42.71475956251557;-28.928364168912346
0;0.2400000000000001;29.021365004353054;6.843919091326253;0.0;27.378824422434754;6.843919091326253;36.0541921619766;-26.576364168912345;9.8;42.71475956251557;-28.928364168912346
0;0.2480000000000001;29.076116357083666;6.843919091326253;0.0;27.378824422434754;6.843919091326253;35.8418948486253;-26.497964168912343;9.8;42.71475956251557;-28.928364168912346
0;0.2560000000000001;29.130867709814275;6.843919091326253;0.0;27.378824422434754;6.843919091326253;35.630224735274005;-26.419564168912345;9.8;42.71475956251557;-28.928364168912346
0;0.2640000000000001;29.185619062544884;6.843919091326253;0.0;27.378824422434754;6.843919091326253;35.419181821922706;-26.341164168912343;9.8;42.71475956251557;-28.928364168912346
0;0.27300000000000013;29.24721433436682;6.843919091326253;0.0;27.378824422434754;6.843919091326253;35.18250824440249;-26.252964168912342;9.8;42.71475956251557;-28.928364168912346
0;0.28100000000000014;29.301965687097432;6.843919091326253;0.0;27.378824422434754;6.843919091326253;34.97279813105119;-26.174564168912344;9.8;42.71475956251557;-28.928364168912346
0;0.29000000000000015;29.36356095891937;6.843919091326253;0.0;27.378824422434754;6.843919091326253;34.737623953530985;-26.086364168912343;9.8;42.71475956251557;-28.928364168912346
0;0.29900000000000015;29.425156230741305;6.843919091326253;0.0;27.378824422434754;6.843919091326253;34.503243576010775;-25.998164168912343;9.8;42.71475956251557;-28.928364168912346
0;0.30800000000000016;29.48675150256324;6.843919091326253;0.0;27.378824422434754;6.843919091326253;34.26965699849056;-25.909964168912342;9.8;42.71475956251557;-28.928364168912346
0;0.31600000000000017;29.54150285529385;6.843919091326253;0.0;27.378824422434754;6.843919091326253;34.06269088513926;-25.831564168912344;9.8;42.71475956251557;-28.928364168912346
0;0.3240000000000002;29.59625420802446;6.843919091326253;0.0;27.378824422434754;6.843919091326253;33.85635197178796;-25.753164168912342;9.8;42.71475956251557;-28.928364168912346
0;0.3330000000000002;29.657849479846398;6.843919091326253;0.0;27.378824422434754;6.843919091326253;33.62497039426775;-25.664964168912345;9.8;42.71475956251557;-28.928364168912346
0;0.3420000000000002;29.719444751668334;6.843919091326253;0.0;27.378824422434754;6.843919091326253;33.39438261674754;-25.576764168912344;9.8;42.71475956251557;-28.928364168912346
0;0.3510000000000002;29.78104002349027;6.843919091326253;0.0;27.378824422434754;6.843919091326253;33.16458863922733;-25.488564168912344;9.8;42.71475956251557;-28.928364168912346
0;0.3590000000000002;29.83579137622088;6.843919091326253;0.0;27.378824422434754;6.843919091326253;32.96099372587603;-25.410164168912342;9.8;42.71475956251557;-28.928364168912346
0;0.3680000000000002;29.897386648042815;6.843919091326253;0.0;27.378824422434754;6.843919091326253;32.73269914835582;-25.321964168912345;9.8;42.71475956251557;-28.928364168912346
0;0.3770000000000002;29.95898191986475;6.843919091326253;0.0;27.378824422434754;6.843919091326253;32.50519837083561;-25.233764168912344;9.8;42.71475956251557;-28.928364168912346
0;0.38500000000000023;30.013733272595363;6.843919091326253;0.0;27.378824422434754;6.843919091326253;32.30364185748431;-25.155364168912342;9.8;42.71475956251557;-28.928364168912346
0;0.39300000000000024;30.068484625325972;6.843919091326253;0.0;27.378824422434754;6.843919091326253;32.10271254413301;-25.076964168912344;9.8;42.71475956251557;-28.928364168912346
0;0.40200000000000025;30.13007989714791;6.843919091326253;0.0;27.378824422434754;6.843919091326253;31.877416766612797;-24.988764168912343;9.8;42.71475956251557;-28.928364168912346
0;0.41000000000000025;30.18483124987852;6.843919091326253;0.0;27.378824422434754;6.843919091326253;31.6778202532615;-24.910364168912345;9.8;42.71475956251557;-28.928364168912346
0;0.41800000000000026;30.23958260260913;6.843919091326253;0.0;27.378824422434754;6.843919091326253;31.478850939910203;-24.831964168912343;9.8;42.71475956251557;-28.928364168912346
0;0.42600000000000027;30.294333955339738;6.843919091326253;0.0;27.378824422434754;6.843919091326253;31.2805088265589;-24.75356416891234;9.8;42.71475956251557;-28.928364168912346
0;0.4340000000000003;30.34908530807035;6.843919091326253;0.0;27.378824422434754;6.843919091326253;31.082793913207603;-24.675164168912342;9.8;42.71475956251557;-28.928364168912346
0;0.4420000000000003;30.40383666080096;6.843919091326253;0.0;27.378824422434754;6.843919091326253;30.885706199856305;-24.596764168912344;9.8;42.71475956251557;-28.928364168912346
0;0.4500000000000003;30.458588013531568;6.843919091326253;0.0;27.378824422434754;6.843919091326253;30.689245686505004;-24.518364168912342;9.8;42.71475956251557;-28.928364168912346
0;0.4580000000000003;30.51333936626218;6.843919091326253;0.0;27.378824422434754;6.843919091326253;30.493412373153706;-24.439964168912343;9.8;42.71475956251557;-28.928364168912346
0;0.4670000000000003;30.574934638084116;6.843919091326253;0.0;27.378824422434754;6.843919091326253;30.273849595633493;-24.351764168912343;9.8;42.71475956251557;-28.928364168912346
0;0.4760000000000003;30.636529909906052;6.843919091326253;0.0;27.378824422434754;6.843919091326253;30.055080618113283;-24.263564168912342;9.8;42.71475956251557;-28.928364168912346
0;0.4840000000000003;30.69128126263666;6.843919091326253;0.0;27.378824422434754;6.843919091326253;29.861285704761983;-24.185164168912344;9.8;42.71475956251557;-28.928364168912346
0;0.4930000000000003;30.752876534458597;6.843919091326253;0.0;27.378824422434754;6.843919091326253;29.644016127241773;-24.096964168912343;9.8;42.71475956251557;-28.928364168912346
0;0.5020000000000003;30.814471806280537;6.843919091326253;0.0;27.378824422434754;6.843919091326253;29.42754034972156;-24.008764168912343;9.8;42.71475956251557;-28.928364168912346
0;0.5100000000000003;30.869223159011145;6.843919091326253;0.0;27.378824422434754;6.843919091326253;29.235783836370263;-23.93036416891234;9.8;42.71475956251557;-28.928364168912346
0;0.5180000000000003;30.923974511741754;6.843919091326253;0.0;27.378824422434754;6.843919091326253;29.044654523018963;-23.851964168912343;9.8;42.71475956251557;-28.928364168912346
0;0.5270000000000004;30.98556978356369;6.843919091326253;0.0;27.378824422434754;6.843919091326253;28.83038374549875;-23.763764168912342;9.8;42.71475956251557;-28.928364168912346
0;0.5350000000000004;31.040321136294303;6.843919091326253;0.0;27.378824422434754;6.843919091326253;28.640587232147453;-23.685364168912344;9.8;42.71475956251557;-28.928364168912346
0;0.5430000000000004;31.09507248902491;6.843919091326253;0.0;27.378824422434754;6.843919091326253;28.451417918796153;-23.60696416891234;9.8;42.71475956251557;-28.928364168912346
0;0.5510000000000004;31.14982384175552;6.843919091326253;0.0;27.378824422434754;6.843919091326253;28.262875805444857;-23.52856416891234;9.8;42.71475956251557;-28.928364168912346
0;0.5590000000000004;31.204575194486132;6.843919091326253;0.0;27.378824422434754;6.843919091326253;28.074960892093557;-23.45016416891234;9.8;42.71475956251557;-28.928364168912346
0;0.5680000000000004;31.26617046630807;6.843919091326253;0.0;27.378824422434754;6.843919091326253;27.864306314573344;-23.36196416891234;9.8;42.71475956251557;-28.928364168912346
0;0.5760000000000004;31.320921819038677;6.843919091326253;0.0;27.378824422434754;6.843919091326253;27.677724201222045;-23.283564168912342;9.8;42.71475956251557;-28.928364168912346
0;0.5840000000000004;31.37567317176929;6.843919091326253;0.0;27.378824422434754;6.843919091326253;27.49176928787075;-23.20516416891234;9.8;42.71475956251557;-28.928364168912346
0;0.5920000000000004;31.430424524499898;6.843919091326253;0.0;27.378824422434754;6.843919091326253;27.30644157451945;-23.12676416891234;9.8;42.71475956251557;-28.928364168912346
0;0.6000000000000004;31.48517587723051;6.843919091326253;0.0;27.378824422434754;6.843919091326253;27.12174106116815;-23.048364168912343;9.8;42.71475956251557;-28.928364168912346
0;0.6080000000000004;31.53992722996112;6.843919091326253;0.0;27.378824422434754;6.843919091326253;26.937667747816853;-22.96996416891234;9.8;42.71475956251557;-28.928364168912346
0;0.6160000000000004;31.594678582691728;6.843919091326253;0.0;27.378824422434754;6.843919091326253;26.75422163446555;-22.89156416891234;9.8;42.71475956251557;-28.928364168912346
0;0.6240000000000004;31.64942993542234;6.843919091326253;0.0;27.378824422434754;6.843919091326253;26.571402721114254;-22.81316416891234;9.8;42.71475956251557;-28.928364168912346
0;0.6330000000000005;31.711025207244276;6.843919091326253;0.0;27.378824422434754;6.843919091326253;26.36648114359404;-22.72496416891234;9.8;42.71475956251557;-28.928364168912346
0;0.6410000000000005;31.765776559974885;6.843919091326253;0.0;27.378824422434754;6.843919091326253;26.184995030242742;-22.64656416891234;9.8;42.71475956251557;-28.928364168912346
0;0.6500000000000005;31.82737183179682;6.843919091326253;0.0;27.378824422434754;6.843919091326253;25.981572852722536;-22.55836416891234;9.8;42.71475956251557;-28.928364168912346
0;0.6590000000000005;31.888967103618757;6.843919091326253;0.0;27.378824422434754;6.843919091326253;25.778944475202323;-22.47016416891234;9.8;42.71475956251557;-28.928364168912346
0;0.6670000000000005;31.943718456349366;6.843919091326253;0.0;27.378824422434754;6.843919091326253;25.59949676185102;-22.39176416891234;9.8;42.71475956251557;-28.928364168912346
0;0.6750000000000005;31.998469809079978;6.843919091326253;0.0;27.378824422434754;6.843919091326253;25.420676248499724;-22.31336416891234;9.8;42.71475956251557;-28.928364168912346
0;0.6840000000000005;32.060065080901914;6.843919091326253;0.0;27.378824422434754;6.843919091326253;25.22025287097951;-22.22516416891234;9.8;42.71475956251557;-28.928364168912346
0;0.6930000000000005;32.12166035272385;6.843919091326253;0.0;27.378824422434754;6.843919091326253;25.020623293459302;-22.13696416891234;9.8;42.71475956251557;-28.928364168912346
0;0.7010000000000005;32.17641170545446;6.843919091326253;0.0;27.378824422434754;6.843919091326253;24.843841180108;-22.05856416891234;9.8;42.71475956251557;-28.928364168912346
0;0.7090000000000005;32.23116305818507;6.843919091326253;0.0;27.378824422434754;6.843919091326253;24.667686266756704;-21.98016416891234;9.8;42.71475956251557;-28.928364168912346
0;0.7180000000000005;32.292758330007004;6.843919091326253;0.0;27.378824422434754;6.843919091326253;24.470261689236494;-21.891964168912338;9.8;42.71475956251557;-28.928364168912346
0;0.7270000000000005;32.35435360182894;6.843919091326253;0.0;27.378824422434754;6.843919091326253;24.273630911716282;-21.80376416891234;9.8;42.71475956251557;-28.928364168912346
0;0.7360000000000005;32.415948873650876;6.843919091326253;0.0;27.378824422434754;6.843919091326253;24.07779393419607;-21.71556416891234;9.8;42.71475956251557;-28.928364168912346
0;0.7440000000000005;32.47070022638149;6.843919091326253;0.0;27.378824422434754;6.843919091326253;23.904383020844772;-21.63716416891234;9.8;42.71475956251557;-28.928364168912346
0;0.7530000000000006;32.532295498203425;6.843919091326253;0.0;27.378824422434754;6.843919091326253;23.71004544332456;-21.54896416891234;9.8;42.71475956251557;-28.928364168912346
0;0.7610000000000006;32.58704685093404;6.843919091326253;0.0;27.378824422434754;6.843919091326253;23.53796732997326;-21.47056416891234;9.8;42.71475956251557;-28.928364168912346
0;0.7690000000000006;32.64179820366465;6.843919091326253;0.0;27.378824422434754;6.843919091326253;23.366516416621963;-21.392164168912338;9.8;42.71475956251557;-28.928364168912346
0;0.7770000000000006;32.696549556395254;6.843919091326253;0.0;27.378824422434754;6.843919091326253;23.195692703270662;-21.31376416891234;9.8;42.71475956251557;-28.928364168912346
0;0.7850000000000006;32.75130090912587;6.843919091326253;0.0;27.378824422434754;6.843919091326253;23.025496189919362;-21.23536416891234;9.8;42.71475956251557;-28.928364168912346
0;0.7930000000000006;32.80605226185648;6.843919091326253;0.0;27.378824422434754;6.843919091326253;22.855926876568066;-21.15696416891234;9.8;42.71475956251557;-28.928364168912346
0;0.8010000000000006;32.860803614587084;6.843919091326253;0.0;27.378824422434754;6.843919091326253;22.686984763216767;-21.07856416891234;9.8;42.71475956251557;-28.928364168912346
0;0.8090000000000006;32.915554967317696;6.843919091326253;0.0;27.378824422434754;6.843919091326253;22.518669849865468;-21.000164168912338;9.8;42.71475956251557;-28.928364168912346
0;0.8170000000000006;32.97030632004831;6.843919091326253;0.0;27.378824422434754;6.843919091326253;22.35098213651417;-20.92176416891234;9.8;42.71475956251557;-28.928364168912346
0;0.8250000000000006;33.025057672778914;6.843919091326253;0.0;27.378824422434754;6.843919091326253;22.18392162316287;-20.843364168912338;9.8;42.71475956251557;-28.928364168912346
0;0.8330000000000006;33.079809025509526;6.843919091326253;0.0;27.378824422434754;6.843919091326253;22.01748830981157;-20.76496416891234;9.8;42.71475956251557;-28.928364168912346
0;0.8410000000000006;33.13456037824014;6.843919091326253;0.0;27.378824422434754;6.843919091326253;21.85168219646027;-20.68656416891234;9.8;42.71475956251557;-28.928364168912346
0;0.8490000000000006;33.18931173097074;6.843919091326253;0.0;27.378824422434754;6.843919091326253;21.686503283108973;-20.60816416891234;9.8;42.71475956251557;-28.928364168912346
0;0.8570000000000007;33.244063083701356;6.843919091326253;0.0;27.378824422434754;6.843919091326253;21.521951569757675;-20.529764168912337;9.8;42.71475956251557;-28.928364168912346
0;0.8650000000000007;33.29881443643197;6.843919091326253;0.0;27.378824422434754;6.843919091326253;21.358027056406378;-20.451364168912338;9.8;42.71475956251557;-28.928364168912346
0;0.8730000000000007;33.35356578916257;6.843919091326253;0.0;27.378824422434754;6.843919091326253;21.194729743055078;-20.37296416891234;9.8;42.71475956251557;-28.928364168912346
0;0.8820000000000007;33.415161060984516;6.843919091326253;0.0;27.378824422434754;6.843919091326253;21.011769965534867;-20.28476416891234;9.8;42.71475956251557;-28.928364168912346
0;0.8910000000000007;33.47675633280645;6.843919091326253;0.0;27.378824422434754;6.843919091326253;20.829603988014654;-20.19656416891234;9.8;42.71475956251557;-28.928364168912346
0;0.8990000000000007;33.53150768553706;6.843919091326253;0.0;27.378824422434754;6.843919091326253;20.668345074663353;-20.118164168912337;9.8;42.71475956251557;-28.928364168912346
0;0.9070000000000007;33.58625903826767;6.843919091326253;0.0;27.378824422434754;6.843919091326253;20.507713361312057;-20.03976416891234;9.8;42.71475956251557;-28.928364168912346
0;0.9160000000000007;33.647854310089606;6.843919091326253;0.0;27.378824422434754;6.843919091326253;20.327752383791843;-19.951564168912338;9.8;42.71475956251557;-28.928364168912346
0;0.9250000000000007;33.70944958191154;6.843919091326253;0.0;27.378824422434754;6.843919091326253;20.148585206271633;-19.863364168912337;9.8;42.71475956251557;-28.928364168912346
0;0.9340000000000007;33.77104485373348;6.843919091326253;0.0;27.378824422434754;6.843919091326253;19.970211828751424;-19.77516416891234;9.8;42.71475956251557;-28.928364168912346
0;0.9430000000000007;33.832640125555415;6.843919091326253;0.0;27.378824422434754;6.843919091326253;19.79263225123121;-19.68696416891234;9.8;42.71475956251557;-28.928364168912346
0;0.9520000000000007;33.89423539737735;6.843919091326253;0.0;27.378824422434754;6.843919091326253;19.615846473711002;-19.59876416891234;9.8;42.71475956251557;-28.928364168912346
0;0.9600000000000007;33.94898675010796;6.843919091326253;0.0;27.378824422434754;6.843919091326253;19.4593699603597;-19.520364168912337;9.8;42.71475956251557;-28.928364168912346
0;0.9680000000000007;34.00373810283857;6.843919091326253;0.0;27.378824422434754;6.843919091326253;19.3035206470084;-19.441964168912335;9.8;42.71475956251557;-28.928364168912346
0;0.9770000000000008;34.06533337466051;6.843919091326253;0.0;27.378824422434754;6.843919091326253;19.128939869488192;-19.35376416891234;9.8;42.71475956251557;-28.928364168912346
0;0.9850000000000008;34.12008472739112;6.843919091326253;0.0;27.378824422434754;6.843919091326253;18.974423356136892;-19.27536416891234;9.8;42.71475956251557;-28.928364168912346
0;0.9940000000000008;34.18167999921305;6.843919091326253;0.0;27.378824422434754;6.843919091326253;18.801341978616684;-19.18716416891234;9.8;42.71475956251557;-28.928364168912346
0;1.0030000000000008;34.24327527103499;6.843919091326253;0.0;27.378824422434754;6.843919091326253;18.62905440109647;-19.09896416891234;9.8;42.71475956251557;-28.928364168912346
0;1.0120000000000007;34.304870542856925;6.843919091326253;0.0;27.378824422434754;6.843919091326253;18.457560623576263;-19.01076416891234;9.8;42.71475956251557;-28.928364168912346
0;1.0210000000000006;34.36646581467886;6.843919091326253;0.0;27.378824422434754;6.843919091326253;18.286860646056052;-18.922564168912338;9.8;42.71475956251557;-28.928364168912346
0;1.0290000000000006;34.42121716740947;6.843919091326253;0.0;27.378824422434754;6.843919091326253;18.135793732704755;-18.84416416891234;9.8;42.71475956251557;-28.928364168912346
0;1.0380000000000005;34.48281243923141;6.843919091326253;0.0;27.378824422434754;6.843919091326253;17.966593155184544;-18.755964168912342;9.8;42.71475956251557;-28.928364168912346
0;1.0470000000000004;34.544407711053346;6.843919091326253;0.0;27.378824422434754;6.843919091326253;17.798186377664337;-18.667764168912342;9.8;42.71475956251557;-28.928364168912346
0;1.0550000000000004;34.59915906378395;6.843919091326253;0.0;27.378824422434754;6.843919091326253;17.649157864313036;-18.58936416891234;9.8;42.71475956251557;-28.928364168912346
0;1.0630000000000004;34.65391041651456;6.843919091326253;0.0;27.378824422434754;6.843919091326253;17.500756550961736;-18.51096416891234;9.8;42.71475956251557;-28.928364168912346
0;1.0720000000000003;34.7155056883365;6.843919091326253;0.0;27.378824422434754;6.843919091326253;17.33455477344153;-18.422764168912344;9.8;42.71475956251557;-28.928364168912346
0;1.0800000000000003;34.77025704106711;6.843919091326253;0.0;27.378824422434754;6.843919091326253;17.18748626009023;-18.344364168912342;9.8;42.71475956251557;-28.928364168912346
0;1.0890000000000002;34.83185231288904;6.843919091326253;0.0;27.378824422434754;6.843919091326253;17.022783882570018;-18.256164168912342;9.8;42.71475956251557;-28.928364168912346
0;1.098;34.893447584710984;6.843919091326253;0.0;27.378824422434754;6.843919091326253;16.858875305049807;-18.16796416891234;9.8;42.71475956251557;-28.928364168912346
0;1.106;34.94819893744159;6.843919091326253;0.0;27.378824422434754;6.843919091326253;16.713845191698514;-18.089564168912347;9.8;42.71475956251557;-28.928364168912346
0;1.115;35.009794209263525;6.843919091326253;0.0;27.378824422434754;6.843919091326253;16.5514360141783;-18.001364168912346;9.8;42.71475956251557;-28.928364168912346
0;1.123;35.06454556199414;6.843919091326253;0.0;27.378824422434754;6.843919091326253;16.407738700827;-17.922964168912344;9.8;42.71475956251557;-28.928364168912346
0;1.131;35.11929691472474;6.843919091326253;0.0;27.378824422434754;6.843919091326253;16.2646685874757;-17.844564168912346;9.8;42.71475956251557;-28.928364168912346
0;1.14;35.18089218654668;6.843919091326253;0.0;27.378824422434754;6.843919091326253;16.104464409955497;-17.756364168912345;9.8;42.71475956251557;-28.928364168912346
0;1.148;35.23564353927729;6.843919091326253;0.0;27.378824422434754;6.843919091326253;15.962727096604198;-17.677964168912347;9.8;42.71475956251557;-28.928364168912346
0;1.156;35.2903948920079;6.843919091326253;0.0;27.378824422434754;6.843919091326253;15.821616983252898;-17.599564168912345;9.8;42.71475956251557;-28.928364168912346
0;1.164;35.345146244738515;6.843919091326253;0.0;27.378824422434754;6.843919091326253;15.6811340699016;-17.521164168912346;9.8;42.71475956251557;-28.928364168912346
0;1.172;35.39989759746912;6.843919091326253;0.0;27.378824422434754;6.843919091326253;15.5412783565503;-17.442764168912348;9.8;42.71475956251557;-28.928364168912346
0;1.18;35.45464895019973;6.843919091326253;0.0;27.378824422434754;6.843919091326253;15.402049843198999;-17.364364168912346;9.8;42.71475956251557;-28.928364168912346
0;1.1889999999999998;35.51624422202167;6.843919091326253;0.0;27.378824422434754;6.843919091326253;15.246167465678795;-17.276164168912345;9.8;42.71475956251557;-28.928364168912346
0;1.1979999999999997;35.577839493843605;6.843919091326253;0.0;27.378824422434754;6.843919091326253;15.091078888158581;-17.187964168912348;9.8;42.71475956251557;-28.928364168912346
0;1.2059999999999997;35.63259084657421;6.843919091326253;0.0;27.378824422434754;6.843919091326253;14.953888774807282;-17.10956416891235;9.8;42.71475956251557;-28.928364168912346
0;1.2149999999999996;35.694186118396146;6.843919091326253;0.0;27.378824422434754;6.843919091326253;14.800299597287076;-17.02136416891235;9.8;42.71475956251557;-28.928364168912346
0;1.2229999999999996;35.74893747112676;6.843919091326253;0.0;27.378824422434754;6.843919091326253;14.664442283935777;-16.942964168912347;9.8;42.71475956251557;-28.928364168912346
0;1.2319999999999995;35.810532742948695;6.843919091326253;0.0;27.378824422434754;6.843919091326253;14.512352506415564;-16.854764168912347;9.8;42.71475956251557;-28.928364168912346
0;1.2409999999999994;35.87212801477063;6.843919091326253;0.0;27.378824422434754;6.843919091326253;14.361056528895357;-16.76656416891235;9.8;42.71475956251557;-28.928364168912346
0;1.2499999999999993;35.93372328659257;6.843919091326253;0.0;27.378824422434754;6.843919091326253;14.210554351375144;-16.678364168912353;9.8;42.71475956251557;-28.928364168912346
0;1.2579999999999993;35.98847463932317;6.843919091326253;0.0;27.378824422434754;6.843919091326253;14.07744103802385;-16.59996416891235;9.8;42.71475956251557;-28.928364168912346
0;1.2669999999999992;36.05006991114511;6.843919091326253;0.0;27.378824422434754;6.843919091326253;13.92843826050364;-16.51176416891235;9.8;42.71475956251557;-28.928364168912346
0;1.2749999999999992;36.10482126387572;6.843919091326253;0.0;27.378824422434754;6.843919091326253;13.796657747152338;-16.43336416891235;9.8;42.71475956251557;-28.928364168912346
0;1.2839999999999991;36.16641653569766;6.843919091326253;0.0;27.378824422434754;6.843919091326253;13.649154369632136;-16.345164168912355;9.8;42.71475956251557;-28.928364168912346
0;1.292999999999999;36.22801180751959;6.843919091326253;0.0;27.378824422434754;6.843919091326253;13.50244479211192;-16.256964168912354;9.8;42.71475956251557;-28.928364168912346
0;1.301999999999999;36.28960707934153;6.843919091326253;0.0;27.378824422434754;6.843919091326253;13.356529014591715;-16.168764168912354;9.8;42.71475956251557;-28.928364168912346
0;1.309999999999999;36.34435843207214;6.843919091326253;0.0;27.378824422434754;6.843919091326253;13.227492501240413;-16.090364168912355;9.8;42.71475956251557;-28.928364168912346
0;1.317999999999999;36.39910978480275;6.843919091326253;0.0;27.378824422434754;6.843919091326253;13.099083187889114;-16.011964168912357;9.8;42.71475956251557;-28.928364168912346
0;1.3269999999999988;36.46070505662468;6.843919091326253;0.0;27.378824422434754;6.843919091326253;12.955372410368902;-15.923764168912356;9.8;42.71475956251557;-28.928364168912346
0;1.3349999999999989;36.515456409355295;6.843919091326253;0.0;27.378824422434754;6.843919091326253;12.828295897017604;-15.845364168912356;9.8;42.71475956251557;-28.928364168912346
0;1.3439999999999988;36.57705168117723;6.843919091326253;0.0;27.378824422434754;6.843919091326253;12.686084519497395;-15.757164168912357;9.8;42.71475956251557;-28.928364168912346
0;1.3529999999999986;36.63864695299917;6.843919091326253;0.0;27.378824422434754;6.843919091326253;12.544666941977184;-15.668964168912359;9.8;42.71475956251557;-28.928364168912346
0;1.3619999999999985;36.700242224821096;6.843919091326253;0.0;27.378824422434754;6.843919091326253;12.40404316445698;-15.580764168912358;9.8;42.71475956251557;-28.928364168912346
0;1.3699999999999986;36.75499357755171;6.843919091326253;0.0;27.378824422434754;6.843919091326253;12.279710651105677;-15.50236416891236;9.8;42.71475956251557;-28.928364168912346
0;1.3779999999999986;36.80974493028232;6.843919091326253;0.0;27.378824422434754;6.843919091326253;12.15600533775438;-15.42396416891236;9.8;42.71475956251557;-28.928364168912346
0;1.3859999999999986;36.864496283012926;6.843919091326253;0.0;27.378824422434754;6.843919091326253;12.032927224403078;-15.34556416891236;9.8;42.71475956251557;-28.928364168912346
0;1.3949999999999985;36.92609155483487;6.843919091326253;0.0;27.378824422434754;6.843919091326253;11.89521404688287;-15.25736416891236;9.8;42.71475956251557;-28.928364168912346
0;1.4039999999999984;36.9876868266568;6.843919091326253;0.0;27.378824422434754;6.843919091326253;11.758294669362659;-15.16916416891236;9.8;42.71475956251557;-28.928364168912346
0;1.4129999999999983;37.04928209847874;6.843919091326253;0.0;27.378824422434754;6.843919091326253;11.622169091842451;-15.080964168912361;9.8;42.71475956251557;-28.928364168912346
0;1.4219999999999982;37.11087737030067;6.843919091326253;0.0;27.378824422434754;6.843919091326253;11.486837314322237;-14.992764168912363;9.8;42.71475956251557;-28.928364168912346
0;1.430999999999998;37.17247264212261;6.843919091326253;0.0;27.378824422434754;6.843919091326253;11.352299336802034;-14.904564168912364;9.8;42.71475956251557;-28.928364168912346
0;1.439999999999998;37.23406791394454;6.843919091326253;0.0;27.378824422434754;6.843919091326253;11.21855515928182;-14.816364168912365;9.8;42.71475956251557;-28.928364168912346
0;1.4489999999999978;37.29566318576648;6.843919091326253;0.0;27.378824422434754;6.843919091326253;11.08560478176161;-14.728164168912366;9.8;42.71475956251557;-28.928364168912346
0;1.4579999999999977;37.357258457588415;6.843919091326253;0.0;27.378824422434754;6.843919091326253;10.9534482042414;-14.639964168912366;9.8;42.71475956251557;-28.928364168912346
0;1.4659999999999977;37.41200981031903;6.843919091326253;0.0;27.378824422434754;6.843919091326253;10.836642090890102;-14.561564168912367;9.8;42.71475956251557;-28.928364168912346
0;1.4739999999999978;37.46676116304963;6.843919091326253;0.0;27.378824422434754;6.843919091326253;10.7204631775388;-14.483164168912367;9.8;42.71475956251557;-28.928364168912346
0;1.4819999999999978;37.521512515780245;6.843919091326253;0.0;27.378824422434754;6.843919091326253;10.604911464187502;-14.404764168912367;9.8;42.71475956251557;-28.928364168912346
0;1.4899999999999978;37.57626386851086;6.843919091326253;0.0;27.378824422434754;6.843919091326253;10.489986950836197;-14.326364168912367;9.8;42.71475956251557;-28.928364168912346
0;1.4989999999999977;37.63785914033279;6.843919091326253;0.0;27.378824422434754;6.843919091326253;10.361446573315995;-14.238164168912368;9.8;42.71475956251557;-28.928364168912346
0;1.5069999999999977;37.6926104930634;6.843919091326253;0.0;27.378824422434754;6.843919091326253;10.247854859964697;-14.159764168912368;9.8;42.71475956251557;-28.928364168912346
0;1.5149999999999977;37.74736184579401;6.843919091326253;0.0;27.378824422434754;6.843919091326253;10.134890346613396;-14.081364168912367;9.8;42.71475956251557;-28.928364168912346
0;1.5229999999999977;37.80211319852462;6.843919091326253;0.0;27.378824422434754;6.843919091326253;10.0225530332621;-14.002964168912367;9.8;42.71475956251557;-28.928364168912346
0;1.5319999999999976;37.86370847034656;6.843919091326253;0.0;27.378824422434754;6.843919091326253;9.89692325574189;-13.914764168912368;9.8;42.71475956251557;-28.928364168912346
0;1.5399999999999976;37.918459823077164;6.843919091326253;0.0;27.378824422434754;6.843919091326253;9.785918742390592;-13.836364168912368;9.8;42.71475956251557;-28.928364168912346
0;1.5489999999999975;37.9800550948991;6.843919091326253;0.0;27.378824422434754;6.843919091326253;9.661788364870375;-13.74816416891237;9.8;42.71475956251557;-28.928364168912346
0;1.5569999999999975;38.03480644762971;6.843919091326253;0.0;27.378824422434754;6.843919091326253;9.552116651519079;-13.66976416891237;9.8;42.71475956251557;-28.928364168912346
0;1.5649999999999975;38.089557800360325;6.843919091326253;0.0;27.378824422434754;6.843919091326253;9.443072138167778;-13.591364168912369;9.8;42.71475956251557;-28.928364168912346
0;1.5729999999999975;38.14430915309093;6.843919091326253;0.0;27.378824422434754;6.843919091326253;9.334654824816482;-13.512964168912369;9.8;42.71475956251557;-28.928364168912346
0;1.5809999999999975;38.19906050582154;6.843919091326253;0.0;27.378824422434754;6.843919091326253;9.226864711465183;-13.434564168912368;9.8;42.71475956251557;-28.928364168912346
0;1.5889999999999975;38.253811858552154;6.843919091326253;0.0;27.378824422434754;6.843919091326253;9.119701798113887;-13.356164168912368;9.8;42.71475956251557;-28.928364168912346
0;1.5969999999999975;38.30856321128276;6.843919091326253;0.0;27.378824422434754;6.843919091326253;9.013166084762588;-13.277764168912368;9.8;42.71475956251557;-28.928364168912346
0;1.6059999999999974;38.370158483104696;6.843919091326253;0.0;27.378824422434754;6.843919091326253;8.894063107242374;-13.18956416891237;9.8;42.71475956251557;-28.928364168912346
0;1.6139999999999974;38.42490983583531;6.843919091326253;0.0;27.378824422434754;6.843919091326253;8.788860193891075;-13.111164168912369;9.8;42.71475956251557;-28.928364168912346
0;1.6219999999999974;38.47966118856592;6.843919091326253;0.0;27.378824422434754;6.843919091326253;8.684284480539773;-13.032764168912369;9.8;42.71475956251557;-28.928364168912346
0;1.6299999999999975;38.53441254129653;6.843919091326253;0.0;27.378824422434754;6.843919091326253;8.580335967188475;-12.95436416891237;9.8;42.71475956251557;-28.928364168912346
0;1.6389999999999973;38.59600781311846;6.843919091326253;0.0;27.378824422434754;6.843919091326253;8.464143589668268;-12.86616416891237;9.8;42.71475956251557;-28.928364168912346
0;1.6479999999999972;38.6576030849404;6.843919091326253;0.0;27.378824422434754;6.843919091326253;8.348745012148058;-12.777964168912373;9.8;42.71475956251557;-28.928364168912346
0;1.6569999999999971;38.719198356762334;6.843919091326253;0.0;27.378824422434754;6.843919091326253;8.234140234627844;-12.689764168912372;9.8;42.71475956251557;-28.928364168912346
0;1.6649999999999971;38.773949709492946;6.843919091326253;0.0;27.378824422434754;6.843919091326253;8.132935721276553;-12.611364168912374;9.8;42.71475956251557;-28.928364168912346
0;1.673999999999997;38.83554498131488;6.843919091326253;0.0;27.378824422434754;6.843919091326253;8.01983034375634;-12.523164168912373;9.8;42.71475956251557;-28.928364168912346
0;1.682999999999997;38.89714025313682;6.843919091326253;0.0;27.378824422434754;6.843919091326253;7.90751876623613;-12.434964168912373;9.8;42.71475956251557;-28.928364168912346
0;1.690999999999997;38.95189160586743;6.843919091326253;0.0;27.378824422434754;6.843919091326253;7.808352652884828;-12.356564168912374;9.8;42.71475956251557;-28.928364168912346
0;1.6999999999999968;39.01348687768936;6.843919091326253;0.0;27.378824422434754;6.843919091326253;7.697540475364626;-12.268364168912374;9.8;42.71475956251557;-28.928364168912346
0;1.7089999999999967;39.075082149511296;6.843919091326253;0.0;27.378824422434754;6.843919091326253;7.587522097844413;-12.180164168912377;9.8;42.71475956251557;-28.928364168912346
0;1.7169999999999968;39.12983350224191;6.843919091326253;0.0;27.378824422434754;6.843919091326253;7.490394384493108;-12.101764168912375;9.8;42.71475956251557;-28.928364168912346
0;1.7249999999999968;39.18458485497251;6.843919091326253;0.0;27.378824422434754;6.843919091326253;7.393893871141813;-12.023364168912376;9.8;42.71475956251557;-28.928364168912346
0;1.7339999999999967;39.24618012679446;6.843919091326253;0.0;27.378824422434754;6.843919091326253;7.286080493621604;-11.935164168912376;9.8;42.71475956251557;-28.928364168912346
0;1.7419999999999967;39.30093147952506;6.843919091326253;0.0;27.378824422434754;6.843919091326253;7.190912780270303;-11.856764168912377;9.8;42.71475956251557;-28.928364168912346
0;1.7499999999999967;39.355682832255674;6.843919091326253;0.0;27.378824422434754;6.843919091326253;7.096372266919005;-11.778364168912375;9.8;42.71475956251557;-28.928364168912346
0;1.7579999999999967;39.410434184986286;6.843919091326253;0.0;27.378824422434754;6.843919091326253;7.002458953567704;-11.699964168912377;9.8;42.71475956251557;-28.928364168912346
0;1.7659999999999967;39.46518553771689;6.843919091326253;0.0;27.378824422434754;6.843919091326253;6.9091728402164065;-11.621564168912379;9.8;42.71475956251557;-28.928364168912346
0;1.7739999999999967;39.519936890447504;6.843919091326253;0.0;27.378824422434754;6.843919091326253;6.816513926865106;-11.543164168912377;9.8;42.71475956251557;-28.928364168912346
0;1.7829999999999966;39.58153216226944;6.843919091326253;0.0;27.378824422434754;6.843919091326253;6.713022349344897;-11.45496416891238;9.8;42.71475956251557;-28.928364168912346
0;1.7909999999999966;39.636283515000045;6.843919091326253;0.0;27.378824422434754;6.843919091326253;6.621696235993596;-11.376564168912378;9.8;42.71475956251557;-28.928364168912346
0;1.7989999999999966;39.69103486773066;6.843919091326253;0.0;27.378824422434754;6.843919091326253;6.5309973226423;-11.298164168912379;9.8;42.71475956251557;-28.928364168912346
0;1.8079999999999965;39.75263013955259;6.843919091326253;0.0;27.378824422434754;6.843919091326253;6.429710745122087;-11.209964168912379;9.8;42.71475956251557;-28.928364168912346
0;1.8159999999999965;39.807381492283206;6.843919091326253;0.0;27.378824422434754;6.843919091326253;6.34034463177079;-11.13156416891238;9.8;42.71475956251557;-28.928364168912346
0;1.8239999999999965;39.86213284501382;6.843919091326253;0.0;27.378824422434754;6.843919091326253;6.2516057184194835;-11.053164168912378;9.8;42.71475956251557;-28.928364168912346
0;1.8319999999999965;39.91688419774442;6.843919091326253;0.0;27.378824422434754;6.843919091326253;6.163494005068188;-10.97476416891238;9.8;42.71475956251557;-28.928364168912346
0;1.8409999999999964;39.97847946956636;6.843919091326253;0.0;27.378824422434754;6.843919091326253;6.065118027547982;-10.886564168912379;9.8;42.71475956251557;-28.928364168912346
0;1.8489999999999964;40.03323082229697;6.843919091326253;0.0;27.378824422434754;6.843919091326253;5.978339114196686;-10.80816416891238;9.8;42.71475956251557;-28.928364168912346
0;1.8569999999999964;40.08798217502758;6.843919091326253;0.0;27.378824422434754;6.843919091326253;5.89218740084538;-10.729764168912379;9.8;42.71475956251557;-28.928364168912346
0;1.8659999999999963;40.14957744684952;6.843919091326253;0.0;27.378824422434754;6.843919091326253;5.79601642332517;-10.641564168912382;9.8;42.71475956251557;-28.928364168912346
0;1.8749999999999962;40.21117271867145;6.843919091326253;0.0;27.378824422434754;6.843919091326253;5.700639245804965;-10.553364168912381;9.8;42.71475956251557;-28.928364168912346
0;1.8839999999999961;40.272767990493385;6.843919091326253;0.0;27.378824422434754;6.843919091326253;5.606055868284756;-10.46516416891238;9.8;42.71475956251557;-28.928364168912346
0;1.892999999999996;40.33436326231532;6.843919091326253;0.0;27.378824422434754;6.843919091326253;5.512266290764543;-10.376964168912384;9.8;42.71475956251557;-28.928364168912346
0;1.900999999999996;40.38911461504593;6.843919091326253;0.0;27.378824422434754;6.843919091326253;5.429564177413241;-10.298564168912382;9.8;42.71475956251557;-28.928364168912346
0;1.908999999999996;40.443865967776546;6.843919091326253;0.0;27.378824422434754;6.843919091326253;5.347489264061942;-10.220164168912383;9.8;42.71475956251557;-28.928364168912346
0;1.917999999999996;40.505461239598475;6.843919091326253;0.0;27.378824422434754;6.843919091326253;5.255904686541733;-10.131964168912383;9.8;42.71475956251557;-28.928364168912346
0;1.9269999999999958;40.56705651142042;6.843919091326253;0.0;27.378824422434754;6.843919091326253;5.165113909021514;-10.043764168912386;9.8;42.71475956251557;-28.928364168912346
0;1.9349999999999958;40.62180786415102;6.843919091326253;0.0;27.378824422434754;6.843919091326253;5.085077395670218;-9.965364168912384;9.8;42.71475956251557;-28.928364168912346
0;1.9429999999999958;40.676559216881635;6.843919091326253;0.0;27.378824422434754;6.843919091326253;5.00566808231892;-9.886964168912385;9.8;42.71475956251557;-28.928364168912346
0;1.9509999999999958;40.73131056961225;6.843919091326253;0.0;27.378824422434754;6.843919091326253;4.926885968967625;-9.808564168912383;9.8;42.71475956251557;-28.928364168912346
0;1.9589999999999959;40.78606192234285;6.843919091326253;0.0;27.378824422434754;6.843919091326253;4.848731055616327;-9.730164168912385;9.8;42.71475956251557;-28.928364168912346
0;1.9669999999999959;40.840813275073465;6.843919091326253;0.0;27.378824422434754;6.843919091326253;4.771203342265025;-9.651764168912386;9.8;42.71475956251557;-28.928364168912346
0;1.9749999999999959;40.89556462780408;6.843919091326253;0.0;27.378824422434754;6.843919091326253;4.6943028289137345;-9.573364168912384;9.8;42.71475956251557;-28.928364168912346
0;1.9829999999999959;40.95031598053468;6.843919091326253;0.0;27.378824422434754;6.843919091326253;4.6180295155624265;-9.494964168912386;9.8;42.71475956251557;-28.928364168912346
0;1.9919999999999958;41.01191125235662;6.843919091326253;0.0;27.378824422434754;6.843919091326253;4.532971738042214;-9.406764168912385;9.8;42.71475956251557;-28.928364168912346
0;2.000999999999996;41.073506524178555;6.843919091326253;0.0;27.378824422434754;6.843919091326253;4.448707760522005;-9.318564168912385;9.8;42.71475956251557;-28.928364168912346
0;2.008999999999996;41.12825787690917;6.843919091326253;0.0;27.378824422434754;6.843919091326253;4.374472847170708;-9.240164168912383;9.8;42.71475956251557;-28.928364168912346
0;2.016999999999996;41.18300922963978;6.843919091326253;0.0;27.378824422434754;6.843919091326253;4.3008651338194;-9.161764168912384;9.8;42.71475956251557;-28.928364168912346
0;2.025999999999996;41.244604501461716;6.843919091326253;0.0;27.378824422434754;6.843919091326253;4.218806156299195;-9.073564168912384;9.8;42.71475956251557;-28.928364168912346
0;2.0349999999999957;41.30619977328365;6.843919091326253;0.0;27.378824422434754;6.843919091326253;4.137540978778986;-8.985364168912387;9.8;42.71475956251557;-28.928364168912346
0;2.0439999999999956;41.36779504510558;6.843919091326253;0.0;27.378824422434754;6.843919091326253;4.057069601258775;-8.897164168912386;9.8;42.71475956251557;-28.928364168912346
0;2.0539999999999954;41.43623423601885;6.843919091326253;0.0;27.378824422434754;6.843919091326253;3.9685879595696463;-8.799164168912391;9.8;42.71475956251557;-28.928364168912346
0;2.0629999999999953;41.49782950784078;6.843919091326253;0.0;27.378824422434754;6.843919091326253;3.8897923820494427;-8.71096416891239;9.8;42.71475956251557;-28.928364168912346
0;2.0709999999999953;41.55258086057139;6.843919091326253;0.0;27.378824422434754;6.843919091326253;3.820418268698141;-8.632564168912392;9.8;42.71475956251557;-28.928364168912346
0;2.079999999999995;41.614176132393325;6.843919091326253;0.0;27.378824422434754;6.843919091326253;3.7431220911779235;-8.544364168912391;9.8;42.71475956251557;-28.928364168912346
0;2.087999999999995;41.66892748512394;6.843919091326253;0.0;27.378824422434754;6.843919091326253;3.6750807778266363;-8.465964168912393;9.8;42.71475956251557;-28.928364168912346
0;2.096999999999995;41.730522756945874;6.843919091326253;0.0;27.378824422434754;6.843919091326253;3.599284000306419;-8.377764168912393;9.8;42.71475956251557;-28.928364168912346
0;2.104999999999995;41.78527410967648;6.843919091326253;0.0;27.378824422434754;6.843919091326253;3.5325754869551247;-8.29936416891239;9.8;42.71475956251557;-28.928364168912346
0;2.113999999999995;41.84686938149842;6.843919091326253;0.0;27.378824422434754;6.843919091326253;3.4582781094349144;-8.211164168912394;9.8;42.71475956251557;-28.928364168912346
0;2.121999999999995;41.90162073422903;6.843919091326253;0.0;27.378824422434754;6.843919091326253;3.3929023960836133;-8.132764168912392;9.8;42.71475956251557;-28.928364168912346
0;2.129999999999995;41.95637208695964;6.843919091326253;0.0;27.378824422434754;6.843919091326253;3.328153882732316;-8.054364168912393;9.8;42.71475956251557;-28.928364168912346
0;2.137999999999995;42.01112343969025;6.843919091326253;0.0;27.378824422434754;6.843919091326253;3.2640325693810155;-7.975964168912395;9.8;42.71475956251557;-28.928364168912346
0;2.146999999999995;42.07271871151218;6.843919091326253;0.0;27.378824422434754;6.843919091326253;3.192645791860798;-7.887764168912394;9.8;42.71475956251557;-28.928364168912346
0;2.155999999999995;42.13431398333412;6.843919091326253;0.0;27.378824422434754;6.843919091326253;3.1220528143405915;-7.799564168912394;9.8;42.71475956251557;-28.928364168912346
0;2.163999999999995;42.18906533606473;6.843919091326253;0.0;27.378824422434754;6.843919091326253;3.0599699009892873;-7.721164168912395;9.8;42.71475956251557;-28.928364168912346
0;2.171999999999995;42.24381668879534;6.843919091326253;0.0;27.378824422434754;6.843919091326253;2.998514187637994;-7.642764168912393;9.8;42.71475956251557;-28.928364168912346
0;2.1809999999999947;42.30541196061728;6.843919091326253;0.0;27.378824422434754;6.843919091326253;2.930126210117777;-7.554564168912396;9.8;42.71475956251557;-28.928364168912346
0;2.1889999999999947;42.36016331334788;6.843919091326253;0.0;27.378824422434754;6.843919091326253;2.870003296766484;-7.476164168912394;9.8;42.71475956251557;-28.928364168912346
0;2.1969999999999947;42.414914666078495;6.843919091326253;0.0;27.378824422434754;6.843919091326253;2.8105075834151876;-7.397764168912396;9.8;42.71475956251557;-28.928364168912346
0;2.2059999999999946;42.47650993790043;6.843919091326253;0.0;27.378824422434754;6.843919091326253;2.744324605894974;-7.309564168912395;9.8;42.71475956251557;-28.928364168912346
0;0;42.47650993790043;6.843919091326253;0.0;42.47650993790043;6.843919091326253;2.744324605894974;7.309564168912395;9.8;2.744324605894974;7.309564168912395
0;0.008;42.53126129063104;6.843919091326253;0.0;42.47650993790043;6.843919091326253;2.803114719246273;7.387964168912395;9.8;2.744324605894974;7.309564168912395
0;0.016;42.58601264336165;6.843919091326253;0.0;42.47650993790043;6.843919091326253;2.8625320325975725;7.466364168912395;9.8;2.744324605894974;7.309564168912395
0;0.024;42.64076399609226;6.843919091326253;0.0;42.47650993790043;6.843919091326253;2.9225765459488713;7.544764168912395;9.8;2.744324605894974;7.309564168912395
0;0.033;42.7023592679142;6.843919091326253;0.0;42.47650993790043;6.843919091326253;2.990876323469083;7.6329641689123955;9.8;2.744324605894974;7.309564168912395
0;0.042;42.76395453973613;6.843919091326253;0.0;42.47650993790043;6.843919091326253;3.0599699009892944;7.721164168912395;9.8;2.744324605894974;7.309564168912395
0;0.051000000000000004;42.82554981155807;6.843919091326253;0.0;42.47650993790043;6.843919091326253;3.129857278509506;7.809364168912396;9.8;2.744324605894974;7.309564168912395
0;0.060000000000000005;42.887145083380005;6.843919091326253;0.0;42.47650993790043;6.843919091326253;3.200538456029718;7.897564168912395;9.8;2.744324605894974;7.309564168912395
0;0.068;42.94189643611062;6.843919091326253;0.0;42.47650993790043;6.843919091326253;3.264032569381017;7.9759641689123955;9.8;2.744324605894974;7.309564168912395
0;0.077;43.003491707932554;6.843919091326253;0.0;42.47650993790043;6.843919091326253;3.3362131469012284;8.064164168912395;9.8;2.744324605894974;7.309564168912395
0;0.08499999999999999;43.058243060663166;6.843919091326253;0.0;42.47650993790043;6.843919091326253;3.4010400602525275;8.142564168912395;9.8;2.744324605894974;7.309564168912395
0;0.093;43.11299441339377;6.843919091326253;0.0;42.47650993790043;6.843919091326253;3.466494173603827;8.220964168912396;9.8;2.744324605894974;7.309564168912395
0;0.101;43.16774576612438;6.843919091326253;0.0;42.47650993790043;6.843919091326253;3.532575486955126;8.299364168912396;9.8;2.744324605894974;7.309564168912395
0;0.10900000000000001;43.222497118854996;6.843919091326253;0.0;42.47650993790043;6.843919091326253;3.599284000306425;8.377764168912396;9.8;2.744324605894974;7.309564168912395
0;0.11800000000000001;43.28409239067693;6.843919091326253;0.0;42.47650993790043;6.843919091326253;3.675080777826637;8.465964168912395;9.8;2.744324605894974;7.309564168912395
0;0.126;43.33884374340754;6.843919091326253;0.0;42.47650993790043;6.843919091326253;3.743122091177936;8.544364168912395;9.8;2.744324605894974;7.309564168912395
0;0.134;43.39359509613815;6.843919091326253;0.0;42.47650993790043;6.843919091326253;3.811790604529235;8.622764168912395;9.8;2.744324605894974;7.309564168912395
0;0.14300000000000002;43.455190367960085;6.843919091326253;0.0;42.47650993790043;6.843919091326253;3.8897923820494467;8.710964168912396;9.8;2.744324605894974;7.309564168912395
0;0.15100000000000002;43.5099417206907;6.843919091326253;0.0;42.47650993790043;6.843919091326253;3.9597936954007458;8.789364168912396;9.8;2.744324605894974;7.309564168912395
0;0.16000000000000003;43.571536992512634;6.843919091326253;0.0;42.47650993790043;6.843919091326253;4.039294872920958;8.877564168912397;9.8;2.744324605894974;7.309564168912395
0;0.16900000000000004;43.63313226433457;6.843919091326253;0.0;42.47650993790043;6.843919091326253;4.119589850441169;8.965764168912395;9.8;2.744324605894974;7.309564168912395
0;0.17800000000000005;43.694727536156506;6.843919091326253;0.0;42.47650993790043;6.843919091326253;4.200678627961381;9.053964168912396;9.8;2.744324605894974;7.309564168912395
0;0.18600000000000005;43.74947888888711;6.843919091326253;0.0;42.47650993790043;6.843919091326253;4.27342394131268;9.132364168912396;9.8;2.744324605894974;7.309564168912395
0;0.19500000000000006;43.81107416070905;6.843919091326253;0.0;42.47650993790043;6.843919091326253;4.356012118832892;9.220564168912396;9.8;2.744324605894974;7.309564168912395
0;0.20400000000000007;43.872669432530984;6.843919091326253;0.0;42.47650993790043;6.843919091326253;4.439394096353103;9.308764168912395;9.8;2.744324605894974;7.309564168912395
0;0.21300000000000008;43.93426470435293;6.843919091326253;0.0;42.47650993790043;6.843919091326253;4.523569873873315;9.396964168912396;9.8;2.744324605894974;7.309564168912395
0;0.2220000000000001;43.99585997617486;6.843919091326253;0.0;42.47650993790043;6.843919091326253;4.6085394513935265;9.485164168912396;9.8;2.744324605894974;7.309564168912395
0;0.2300000000000001;44.05061132890547;6.843919091326253;0.0;42.47650993790043;6.843919091326253;4.684734364744825;9.563564168912396;9.8;2.744324605894974;7.309564168912395
0;0.2390000000000001;44.112206600727404;6.843919091326253;0.0;42.47650993790043;6.843919091326253;4.7712033422650375;9.651764168912397;9.8;2.744324605894974;7.309564168912395
0;0.2470000000000001;44.16695795345802;6.843919091326253;0.0;42.47650993790043;6.843919091326253;4.848731055616337;9.730164168912395;9.8;2.744324605894974;7.309564168912395
0;0.2550000000000001;44.22170930618863;6.843919091326253;0.0;42.47650993790043;6.843919091326253;4.926885968967635;9.808564168912397;9.8;2.744324605894974;7.309564168912395
0;0.2640000000000001;44.283304578010565;6.843919091326253;0.0;42.47650993790043;6.843919091326253;5.015559946487848;9.896764168912396;9.8;2.744324605894974;7.309564168912395
0;0.27200000000000013;44.33805593074117;6.843919091326253;0.0;42.47650993790043;6.843919091326253;5.095047659839146;9.975164168912396;9.8;2.744324605894974;7.309564168912395
0;0.28100000000000014;44.399651202563106;6.843919091326253;0.0;42.47650993790043;6.843919091326253;5.185221037359359;10.063364168912397;9.8;2.744324605894974;7.309564168912395
0;0.28900000000000015;44.45440255529372;6.843919091326253;0.0;42.47650993790043;6.843919091326253;5.266041550710657;10.141764168912397;9.8;2.744324605894974;7.309564168912395
0;0.29700000000000015;44.50915390802433;6.843919091326253;0.0;42.47650993790043;6.843919091326253;5.347489264061957;10.220164168912397;9.8;2.744324605894974;7.309564168912395
0;0.30600000000000016;44.57074917984627;6.843919091326253;0.0;42.47650993790043;6.843919091326253;5.439867641582168;10.308364168912398;9.8;2.744324605894974;7.309564168912395
0;0.31500000000000017;44.6323444516682;6.843919091326253;0.0;42.47650993790043;6.843919091326253;5.53303981910238;10.396564168912397;9.8;2.744324605894974;7.309564168912395
0;0.3240000000000002;44.69393972349014;6.843919091326253;0.0;42.47650993790043;6.843919091326253;5.627005796622592;10.484764168912397;9.8;2.744324605894974;7.309564168912395
0;0.3320000000000002;44.74869107622075;6.843919091326253;0.0;42.47650993790043;6.843919091326253;5.711197509973891;10.563164168912397;9.8;2.744324605894974;7.309564168912395
0;0.3410000000000002;44.81028634804269;6.843919091326253;0.0;42.47650993790043;6.843919091326253;5.806662887494102;10.651364168912398;9.8;2.744324605894974;7.309564168912395
0;0.3500000000000002;44.871881619864624;6.843919091326253;0.0;42.47650993790043;6.843919091326253;5.902922065014314;10.739564168912398;9.8;2.744324605894974;7.309564168912395
0;0.3590000000000002;44.93347689168656;6.843919091326253;0.0;42.47650993790043;6.843919091326253;5.999975042534526;10.827764168912397;9.8;2.744324605894974;7.309564168912395
0;0.3680000000000002;44.995072163508496;6.843919091326253;0.0;42.47650993790043;6.843919091326253;6.097821820054738;10.915964168912398;9.8;2.744324605894974;7.309564168912395
0;0.3760000000000002;45.0498235162391;6.843919091326253;0.0;42.47650993790043;6.843919091326253;6.185463133406037;10.994364168912398;9.8;2.744324605894974;7.309564168912395
0;0.38400000000000023;45.10457486896971;6.843919091326253;0.0;42.47650993790043;6.843919091326253;6.273731646757336;11.072764168912398;9.8;2.744324605894974;7.309564168912395
0;0.39300000000000024;45.16617014079165;6.843919091326253;0.0;42.47650993790043;6.843919091326253;6.373783424277548;11.160964168912397;9.8;2.744324605894974;7.309564168912395
0;0.40100000000000025;45.22092149352226;6.843919091326253;0.0;42.47650993790043;6.843919091326253;6.463384737628847;11.239364168912399;9.8;2.744324605894974;7.309564168912395
0;0.40900000000000025;45.27567284625287;6.843919091326253;0.0;42.47650993790043;6.843919091326253;6.553613250980146;11.317764168912397;9.8;2.744324605894974;7.309564168912395
0;0.41700000000000026;45.33042419898348;6.843919091326253;0.0;42.47650993790043;6.843919091326253;6.644468964331446;11.396164168912398;9.8;2.744324605894974;7.309564168912395
0;0.42500000000000027;45.38517555171409;6.843919091326253;0.0;42.47650993790043;6.843919091326253;6.735951877682745;11.474564168912398;9.8;2.744324605894974;7.309564168912395
0;0.4340000000000003;45.44677082353603;6.843919091326253;0.0;42.47650993790043;6.843919091326253;6.839619855202956;11.562764168912398;9.8;2.744324605894974;7.309564168912395
0;0.4430000000000003;45.508366095357964;6.843919091326253;0.0;42.47650993790043;6.843919091326253;6.944081632723169;11.650964168912399;9.8;2.744324605894974;7.309564168912395
0;0.4510000000000003;45.563117448088576;6.843919091326253;0.0;42.47650993790043;6.843919091326253;7.037602946074467;11.729364168912397;9.8;2.744324605894974;7.309564168912395
0;0.4600000000000003;45.62471271991051;6.843919091326253;0.0;42.47650993790043;6.843919091326253;7.143564123594679;11.817564168912398;9.8;2.744324605894974;7.309564168912395
0;0.4680000000000003;45.67946407264112;6.843919091326253;0.0;42.47650993790043;6.843919091326253;7.238418236945979;11.895964168912398;9.8;2.744324605894974;7.309564168912395
0;0.4770000000000003;45.74105934446305;6.843919091326253;0.0;42.47650993790043;6.843919091326253;7.3458788144661895;11.984164168912399;9.8;2.744324605894974;7.309564168912395
0;0.4850000000000003;45.795810697193666;6.843919091326253;0.0;42.47650993790043;6.843919091326253;7.442065727817489;12.062564168912399;9.8;2.744324605894974;7.309564168912395
0;0.4930000000000003;45.85056204992428;6.843919091326253;0.0;42.47650993790043;6.843919091326253;7.5388798411687885;12.140964168912399;9.8;2.744324605894974;7.309564168912395
0;0.5020000000000003;45.912157321746214;6.843919091326253;0.0;42.47650993790043;6.843919091326253;7.648545418689;12.229164168912398;9.8;2.744324605894974;7.309564168912395
0;0.5110000000000003;45.97375259356815;6.843919091326253;0.0;42.47650993790043;6.843919091326253;7.759004796209212;12.317364168912398;9.8;2.744324605894974;7.309564168912395
0;0.5190000000000003;46.028503946298756;6.843919091326253;0.0;42.47650993790043;6.843919091326253;7.8578573095605115;12.395764168912399;9.8;2.744324605894974;7.309564168912395
0;0.5280000000000004;46.0900992181207;6.843919091326253;0.0;42.47650993790043;6.843919091326253;7.969816087080723;12.483964168912399;9.8;2.744324605894974;7.309564168912395
0;0.5370000000000004;46.15169448994263;6.843919091326253;0.0;42.47650993790043;6.843919091326253;8.082568664600934;12.5721641689124;9.8;2.744324605894974;7.309564168912395
0;0.5460000000000004;46.21328976176457;6.843919091326253;0.0;42.47650993790043;6.843919091326253;8.196115042121146;12.660364168912398;9.8;2.744324605894974;7.309564168912395
0;0.5550000000000004;46.27488503358651;6.843919091326253;0.0;42.47650993790043;6.843919091326253;8.310455219641359;12.748564168912399;9.8;2.744324605894974;7.309564168912395
0;0.5630000000000004;46.32963638631711;6.843919091326253;0.0;42.47650993790043;6.843919091326253;8.412757332992658;12.826964168912399;9.8;2.744324605894974;7.309564168912395
0;0.5720000000000004;46.39123165813905;6.843919091326253;0.0;42.47650993790043;6.843919091326253;8.528596910512869;12.9151641689124;9.8;2.744324605894974;7.309564168912395
0;0.5810000000000004;46.452826929960985;6.843919091326253;0.0;42.47650993790043;6.843919091326253;8.64523028803308;13.003364168912398;9.8;2.744324605894974;7.309564168912395
0;0.5900000000000004;46.51442220178292;6.843919091326253;0.0;42.47650993790043;6.843919091326253;8.762657465553293;13.091564168912399;9.8;2.744324605894974;7.309564168912395
0;0.5980000000000004;46.56917355451353;6.843919091326253;0.0;42.47650993790043;6.843919091326253;8.867703578904592;13.1699641689124;9.8;2.744324605894974;7.309564168912395
0;0.6070000000000004;46.63076882633547;6.843919091326253;0.0;42.47650993790043;6.843919091326253;8.986630156424804;13.2581641689124;9.8;2.744324605894974;7.309564168912395
0;0.6150000000000004;46.68552017906608;6.843919091326253;0.0;42.47650993790043;6.843919091326253;9.093009069776102;13.3365641689124;9.8;2.744324605894974;7.309564168912395
0;0.6240000000000004;46.74711545088802;6.843919091326253;0.0;42.47650993790043;6.843919091326253;9.213435047296315;13.4247641689124;9.8;2.744324605894974;7.309564168912395
0;0.6320000000000005;46.80186680361862;6.843919091326253;0.0;42.47650993790043;6.843919091326253;9.321146760647615;13.503164168912399;9.8;2.744324605894974;7.309564168912395
0;0.6410000000000005;46.863462075440566;6.843919091326253;0.0;42.47650993790043;6.843919091326253;9.443072138167825;13.5913641689124;9.8;2.744324605894974;7.309564168912395
0;0.6500000000000005;46.925057347262495;6.843919091326253;0.0;42.47650993790043;6.843919091326253;9.565791315688038;13.6795641689124;9.8;2.744324605894974;7.309564168912395
0;0.6590000000000005;46.98665261908444;6.843919091326253;0.0;42.47650993790043;6.843919091326253;9.689304293208249;13.7677641689124;9.8;2.744324605894974;7.309564168912395
0;0.6670000000000005;47.04140397181504;6.843919091326253;0.0;42.47650993790043;6.843919091326253;9.799760006559548;13.8461641689124;9.8;2.744324605894974;7.309564168912395
0;0.6750000000000005;47.096155324545656;6.843919091326253;0.0;42.47650993790043;6.843919091326253;9.910842919910847;13.9245641689124;9.8;2.744324605894974;7.309564168912395
0;0.6830000000000005;47.15090667727627;6.843919091326253;0.0;42.47650993790043;6.843919091326253;10.022553033262147;14.0029641689124;9.8;2.744324605894974;7.309564168912395
0;0.6920000000000005;47.212501949098204;6.843919091326253;0.0;42.47650993790043;6.843919091326253;10.14897661078236;14.0911641689124;9.8;2.744324605894974;7.309564168912395
0;0.7010000000000005;47.27409722092014;6.843919091326253;0.0;42.47650993790043;6.843919091326253;10.27619398830257;14.1793641689124;9.8;2.744324605894974;7.309564168912395
0;0.7100000000000005;47.335692492742076;6.843919091326253;0.0;42.47650993790043;6.843919091326253;10.404205165822782;14.2675641689124;9.8;2.744324605894974;7.309564168912395
0;0.7190000000000005;47.39728776456401;6.843919091326253;0.0;42.47650993790043;6.843919091326253;10.533010143342993;14.355764168912401;9.8;2.744324605894974;7.309564168912395
0;0.7280000000000005;47.45888303638595;6.843919091326253;0.0;42.47650993790043;6.843919091326253;10.662608920863205;14.443964168912402;9.8;2.744324605894974;7.309564168912395
0;0.7370000000000005;47.520478308207885;6.843919091326253;0.0;42.47650993790043;6.843919091326253;10.793001498383417;14.532164168912402;9.8;2.744324605894974;7.309564168912395
0;0.7450000000000006;47.57522966093849;6.843919091326253;0.0;42.47650993790043;6.843919091326253;10.909572411734716;14.6105641689124;9.8;2.744324605894974;7.309564168912395
0;0.7540000000000006;47.63682493276043;6.843919091326253;0.0;42.47650993790043;6.843919091326253;11.041464389254928;14.698764168912401;9.8;2.744324605894974;7.309564168912395
0;0.7630000000000006;47.69842020458236;6.843919091326253;0.0;42.47650993790043;6.843919091326253;11.17415016677514;14.786964168912402;9.8;2.744324605894974;7.309564168912395
0;0.7710000000000006;47.753171557312974;6.843919091326253;0.0;42.47650993790043;6.843919091326253;11.292759480126438;14.8653641689124;9.8;2.744324605894974;7.309564168912395
0;0.7800000000000006;47.81476682913491;6.843919091326253;0.0;42.47650993790043;6.843919091326253;11.42694465764665;14.9535641689124;9.8;2.744324605894974;7.309564168912395
0;0.7890000000000006;47.87636210095685;6.843919091326253;0.0;42.47650993790043;6.843919091326253;11.561923635166863;15.041764168912401;9.8;2.744324605894974;7.309564168912395
0;0.7980000000000006;47.93795737277878;6.843919091326253;0.0;42.47650993790043;6.843919091326253;11.697696412687074;15.129964168912402;9.8;2.744324605894974;7.309564168912395
0;0.8070000000000006;47.99955264460072;6.843919091326253;0.0;42.47650993790043;6.843919091326253;11.834262990207286;15.218164168912402;9.8;2.744324605894974;7.309564168912395
0;0.8150000000000006;48.05430399733133;6.843919091326253;0.0;42.47650993790043;6.843919091326253;11.956321903558585;15.2965641689124;9.8;2.744324605894974;7.309564168912395
0;0.8240000000000006;48.11589926915327;6.843919091326253;0.0;42.47650993790043;6.843919091326253;12.094387881078797;15.384764168912401;9.8;2.744324605894974;7.309564168912395
0;0.8330000000000006;48.177494540975204;6.843919091326253;0.0;42.47650993790043;6.843919091326253;12.233247658599009;15.472964168912402;9.8;2.744324605894974;7.309564168912395
0;0.8420000000000006;48.23908981279714;6.843919091326253;0.0;42.47650993790043;6.843919091326253;12.37290123611922;15.561164168912402;9.8;2.744324605894974;7.309564168912395
0;0.8510000000000006;48.300685084619076;6.843919091326253;0.0;42.47650993790043;6.843919091326253;12.513348613639433;15.649364168912403;9.8;2.744324605894974;7.309564168912395
0;0.8600000000000007;48.36228035644101;6.843919091326253;0.0;42.47650993790043;6.843919091326253;12.654589791159644;15.737564168912401;9.8;2.744324605894974;7.309564168912395
0;0.8690000000000007;48.42387562826295;6.843919091326253;0.0;42.47650993790043;6.843919091326253;12.796624768679857;15.825764168912402;9.8;2.744324605894974;7.309564168912395
0;0.8780000000000007;48.485470900084884;6.843919091326253;0.0;42.47650993790043;6.843919091326253;12.939453546200067;15.913964168912402;9.8;2.744324605894974;7.309564168912395
0;0.8860000000000007;48.5402222528155;6.843919091326253;0.0;42.47650993790043;6.843919091326253;13.067078859551367;15.992364168912403;9.8;2.744324605894974;7.309564168912395
0;0.8940000000000007;48.59497360554611;6.843919091326253;0.0;42.47650993790043;6.843919091326253;13.195331372902666;16.070764168912405;9.8;2.744324605894974;7.309564168912395
0;0.9020000000000007;48.649724958276714;6.843919091326253;0.0;42.47650993790043;6.843919091326253;13.324211086253966;16.149164168912403;9.8;2.744324605894974;7.309564168912395
0;0.9100000000000007;48.704476311007326;6.843919091326253;0.0;42.47650993790043;6.843919091326253;13.453717999605264;16.2275641689124;9.8;2.744324605894974;7.309564168912395
0;0.9190000000000007;48.76607158282926;6.843919091326253;0.0;42.47650993790043;6.843919091326253;13.600162977125477;16.315764168912402;9.8;2.744324605894974;7.309564168912395
0;0.9280000000000007;48.8276668546512;6.843919091326253;0.0;42.47650993790043;6.843919091326253;13.747401754645688;16.403964168912402;9.8;2.744324605894974;7.309564168912395
0;0.9360000000000007;48.88241820738181;6.843919091326253;0.0;42.47650993790043;6.843919091326253;13.878947067996988;16.482364168912405;9.8;2.744324605894974;7.309564168912395
0;0.9440000000000007;48.937169560112416;6.843919091326253;0.0;42.47650993790043;6.843919091326253;14.011119581348288;16.560764168912403;9.8;2.744324605894974;7.309564168912395
0;0.9520000000000007;48.99192091284303;6.843919091326253;0.0;42.47650993790043;6.843919091326253;14.143919294699586;16.6391641689124;9.8;2.744324605894974;7.309564168912395
0;0.9610000000000007;49.053516184664964;6.843919091326253;0.0;42.47650993790043;6.843919091326253;14.2940686722198;16.727364168912402;9.8;2.744324605894974;7.309564168912395
0;0.9690000000000007;49.10826753739558;6.843919091326253;0.0;42.47650993790043;6.843919091326253;14.428201185571098;16.805764168912404;9.8;2.744324605894974;7.309564168912395
0;0.9770000000000008;49.16301889012618;6.843919091326253;0.0;42.47650993790043;6.843919091326253;14.562960898922398;16.884164168912402;9.8;2.744324605894974;7.309564168912395
0;0.9850000000000008;49.217770242856794;6.843919091326253;0.0;42.47650993790043;6.843919091326253;14.698347812273697;16.9625641689124;9.8;2.744324605894974;7.309564168912395
0;0.9940000000000008;49.27936551467873;6.843919091326253;0.0;42.47650993790043;6.843919091326253;14.851407789793907;17.0507641689124;9.8;2.744324605894974;7.309564168912395
0;1.0030000000000008;49.340960786500666;6.843919091326253;0.0;42.47650993790043;6.843919091326253;15.005261567314118;17.138964168912402;9.8;2.744324605894974;7.309564168912395
0;1.0110000000000008;49.39571213923128;6.843919091326253;0.0;42.47650993790043;6.843919091326253;15.14268688066542;17.217364168912404;9.8;2.744324605894974;7.309564168912395
0;1.0190000000000008;49.45046349196189;6.843919091326253;0.0;42.47650993790043;6.843919091326253;15.28073939401672;17.295764168912406;9.8;2.744324605894974;7.309564168912395
0;1.0280000000000007;49.51205876378383;6.843919091326253;0.0;42.47650993790043;6.843919091326253;15.436798171536928;17.383964168912403;9.8;2.744324605894974;7.309564168912395
0;1.0370000000000006;49.573654035605756;6.843919091326253;0.0;42.47650993790043;6.843919091326253;15.593650749057138;17.4721641689124;9.8;2.744324605894974;7.309564168912395
0;1.0460000000000005;49.63524930742769;6.843919091326253;0.0;42.47650993790043;6.843919091326253;15.751297126577349;17.5603641689124;9.8;2.744324605894974;7.309564168912395
0;1.0540000000000005;49.690000660158304;6.843919091326253;0.0;42.47650993790043;6.843919091326253;15.892093639928648;17.638764168912402;9.8;2.744324605894974;7.309564168912395
0;1.0630000000000004;49.75159593198024;6.843919091326253;0.0;42.47650993790043;6.843919091326253;16.05123941744886;17.7269641689124;9.8;2.744324605894974;7.309564168912395
0;1.0720000000000003;49.81319120380218;6.843919091326253;0.0;42.47650993790043;6.843919091326253;16.211178994969067;17.815164168912396;9.8;2.744324605894974;7.309564168912395
0;1.0810000000000002;49.87478647562411;6.843919091326253;0.0;42.47650993790043;6.843919091326253;16.371912372489277;17.903364168912397;9.8;2.744324605894974;7.309564168912395
0;1.0890000000000002;49.929537828354725;6.843919091326253;0.0;42.47650993790043;6.843919091326253;16.515452885840574;17.9817641689124;9.8;2.744324605894974;7.309564168912395
0;1.098;49.991133100176654;6.843919091326253;0.0;42.47650993790043;6.843919091326253;16.677685663360784;18.0699641689124;9.8;2.744324605894974;7.309564168912395
0;1.107;50.05272837199859;6.843919091326253;0.0;42.47650993790043;6.843919091326253;16.840712240880997;18.158164168912396;9.8;2.744324605894974;7.309564168912395
0;1.115;50.1074797247292;6.843919091326253;0.0;42.47650993790043;6.843919091326253;16.986291154232294;18.236564168912395;9.8;2.744324605894974;7.309564168912395
0;1.123;50.162231077459815;6.843919091326253;0.0;42.47650993790043;6.843919091326253;17.132497267583595;18.314964168912397;9.8;2.744324605894974;7.309564168912395
0;1.131;50.21698243019043;6.843919091326253;0.0;42.47650993790043;6.843919091326253;17.279330580934893;18.393364168912395;9.8;2.744324605894974;7.309564168912395
0;1.14;50.278577702012356;6.843919091326253;0.0;42.47650993790043;6.843919091326253;17.445267758455103;18.481564168912396;9.8;2.744324605894974;7.309564168912395
0;1.148;50.33332905474297;6.843919091326253;0.0;42.47650993790043;6.843919091326253;17.593433871806404;18.559964168912394;9.8;2.744324605894974;7.309564168912395
0;1.1569999999999998;50.394924326564905;6.843919091326253;0.0;42.47650993790043;6.843919091326253;17.76087044932661;18.648164168912395;9.8;2.744324605894974;7.309564168912395
0;1.1659999999999997;50.45651959838684;6.843919091326253;0.0;42.47650993790043;6.843919091326253;17.92910082684682;18.736364168912395;9.8;2.744324605894974;7.309564168912395
0;1.1739999999999997;50.51127095111745;6.843919091326253;0.0;42.47650993790043;6.843919091326253;18.079305340198122;18.814764168912394;9.8;2.744324605894974;7.309564168912395
0;1.1819999999999997;50.56602230384806;6.843919091326253;0.0;42.47650993790043;6.843919091326253;18.23013705354942;18.893164168912392;9.8;2.744324605894974;7.309564168912395
0;1.1899999999999997;50.62077365657867;6.843919091326253;0.0;42.47650993790043;6.843919091326253;18.38159596690072;18.971564168912394;9.8;2.744324605894974;7.309564168912395
0;1.1989999999999996;50.68236892840061;6.843919091326253;0.0;42.47650993790043;6.843919091326253;18.55273694442093;19.059764168912395;9.8;2.744324605894974;7.309564168912395
0;1.2079999999999995;50.74396420022254;6.843919091326253;0.0;42.47650993790043;6.843919091326253;18.72467172194114;19.14796416891239;9.8;2.744324605894974;7.309564168912395
0;1.2159999999999995;50.798715552953155;6.843919091326253;0.0;42.47650993790043;6.843919091326253;18.878169035292437;19.22636416891239;9.8;2.744324605894974;7.309564168912395
0;1.2249999999999994;50.860310824775084;6.843919091326253;0.0;42.47650993790043;6.843919091326253;19.051603212812648;19.31456416891239;9.8;2.744324605894974;7.309564168912395
0;1.2339999999999993;50.92190609659702;6.843919091326253;0.0;42.47650993790043;6.843919091326253;19.225831190332855;19.40276416891239;9.8;2.744324605894974;7.309564168912395
0;1.2429999999999992;50.983501368418956;6.843919091326253;0.0;42.47650993790043;6.843919091326253;19.40085296785307;19.490964168912388;9.8;2.744324605894974;7.309564168912395
0;1.2509999999999992;51.03825272114957;6.843919091326253;0.0;42.47650993790043;6.843919091326253;19.557094281204364;19.569364168912387;9.8;2.744324605894974;7.309564168912395
0;1.2599999999999991;51.099847992971505;6.843919091326253;0.0;42.47650993790043;6.843919091326253;19.733615458724575;19.657564168912387;9.8;2.744324605894974;7.309564168912395
0;1.2679999999999991;51.15459934570211;6.843919091326253;0.0;42.47650993790043;6.843919091326253;19.891189572075874;19.73596416891239;9.8;2.744324605894974;7.309564168912395
0;1.2759999999999991;51.20935069843272;6.843919091326253;0.0;42.47650993790043;6.843919091326253;20.049390885427172;19.814364168912387;9.8;2.744324605894974;7.309564168912395
0;1.284999999999999;51.27094597025466;6.843919091326253;0.0;42.47650993790043;6.843919091326253;20.228117062947383;19.902564168912384;9.8;2.744324605894974;7.309564168912395
0;1.293999999999999;51.332541242076594;6.843919091326253;0.0;42.47650993790043;6.843919091326253;20.40763704046759;19.990764168912385;9.8;2.744324605894974;7.309564168912395
0;1.301999999999999;51.38729259480721;6.843919091326253;0.0;42.47650993790043;6.843919091326253;20.567876753818894;20.069164168912387;9.8;2.744324605894974;7.309564168912395
0;1.309999999999999;51.44204394753781;6.843919091326253;0.0;42.47650993790043;6.843919091326253;20.728743667170193;20.147564168912385;9.8;2.744324605894974;7.309564168912395
0;1.3189999999999988;51.503639219359755;6.843919091326253;0.0;42.47650993790043;6.843919091326253;20.9104686446904;20.235764168912382;9.8;2.744324605894974;7.309564168912395
0;1.3269999999999988;51.55839057209036;6.843919091326253;0.0;42.47650993790043;6.843919091326253;21.0726683580417;20.314164168912384;9.8;2.744324605894974;7.309564168912395
0;1.3359999999999987;51.619985843912296;6.843919091326253;0.0;42.47650993790043;6.843919091326253;21.255892735561908;20.402364168912385;9.8;2.744324605894974;7.309564168912395
0;1.3449999999999986;51.68158111573423;6.843919091326253;0.0;42.47650993790043;6.843919091326253;21.439910913082116;20.490564168912385;9.8;2.744324605894974;7.309564168912395
0;1.3539999999999985;51.74317638755617;6.843919091326253;0.0;42.47650993790043;6.843919091326253;21.624722890602328;20.578764168912382;9.8;2.744324605894974;7.309564168912395
0;1.3629999999999984;51.804771659378105;6.843919091326253;0.0;42.47650993790043;6.843919091326253;21.810328668122537;20.66696416891238;9.8;2.744324605894974;7.309564168912395
0;1.3719999999999983;51.86636693120004;6.843919091326253;0.0;42.47650993790043;6.843919091326253;21.996728245642746;20.75516416891238;9.8;2.744324605894974;7.309564168912395
0;1.3799999999999983;51.92111828393065;6.843919091326253;0.0;42.47650993790043;6.843919091326253;22.163083158994045;20.833564168912382;9.8;2.744324605894974;7.309564168912395
0;1.3889999999999982;51.98271355575258;6.843919091326253;0.0;42.47650993790043;6.843919091326253;22.350982136514254;20.92176416891238;9.8;2.744324605894974;7.309564168912395
0;1.3979999999999981;52.04430882757452;6.843919091326253;0.0;42.47650993790043;6.843919091326253;22.539674914034464;21.009964168912376;9.8;2.744324605894974;7.309564168912395
0;1.4059999999999981;52.09906018030513;6.843919091326253;0.0;42.47650993790043;6.843919091326253;22.708068227385763;21.088364168912378;9.8;2.744324605894974;7.309564168912395
0;1.414999999999998;52.16065545212707;6.843919091326253;0.0;42.47650993790043;6.843919091326253;22.89826040490597;21.17656416891238;9.8;2.744324605894974;7.309564168912395
0;1.423999999999998;52.222250723949;6.843919091326253;0.0;42.47650993790043;6.843919091326253;23.089246382426182;21.264764168912375;9.8;2.744324605894974;7.309564168912395
0;1.4329999999999978;52.28384599577094;6.843919091326253;0.0;42.47650993790043;6.843919091326253;23.28102615994639;21.352964168912376;9.8;2.744324605894974;7.309564168912395
0;1.4419999999999977;52.345441267592875;6.843919091326253;0.0;42.47650993790043;6.843919091326253;23.4735997374666;21.441164168912373;9.8;2.744324605894974;7.309564168912395
0;1.4509999999999976;52.407036539414804;6.843919091326253;0.0;42.47650993790043;6.843919091326253;23.666967114986807;21.529364168912373;9.8;2.744324605894974;7.309564168912395
0;1.4589999999999976;52.461787892145416;6.843919091326253;0.0;42.47650993790043;6.843919091326253;23.83951562833811;21.607764168912375;9.8;2.744324605894974;7.309564168912395
0;1.4669999999999976;52.51653924487603;6.843919091326253;0.0;42.47650993790043;6.843919091326253;24.012691341689408;21.686164168912374;9.8;2.744324605894974;7.309564168912395
0;1.4749999999999976;52.571290597606634;6.843919091326253;0.0;42.47650993790043;6.843919091326253;24.186494255040706;21.764564168912372;9.8;2.744324605894974;7.309564168912395
0;1.4829999999999977;52.626041950337246;6.843919091326253;0.0;42.47650993790043;6.843919091326253;24.360924368392006;21.842964168912374;9.8;2.744324605894974;7.309564168912395
0;1.4919999999999976;52.68763722215918;6.843919091326253;0.0;42.47650993790043;6.843919091326253;24.557907945912213;21.931164168912375;9.8;2.744324605894974;7.309564168912395
0;1.5009999999999974;52.74923249398112;6.843919091326253;0.0;42.47650993790043;6.843919091326253;24.755685323432424;22.01936416891237;9.8;2.744324605894974;7.309564168912395
0;1.5099999999999973;52.810827765803054;6.843919091326253;0.0;42.47650993790043;6.843919091326253;24.95425650095263;22.10756416891237;9.8;2.744324605894974;7.309564168912395
0;1.5189999999999972;52.87242303762499;6.843919091326253;0.0;42.47650993790043;6.843919091326253;25.153621478472843;22.19576416891237;9.8;2.744324605894974;7.309564168912395
0;1.5279999999999971;52.93401830944693;6.843919091326253;0.0;42.47650993790043;6.843919091326253;25.35378025599305;22.28396416891237;9.8;2.744324605894974;7.309564168912395
0;1.536999999999997;52.99561358126886;6.843919091326253;0.0;42.47650993790043;6.843919091326253;25.55473283351326;22.372164168912366;9.8;2.744324605894974;7.309564168912395
0;1.545999999999997;53.0572088530908;6.843919091326253;0.0;42.47650993790043;6.843919091326253;25.75647921103347;22.460364168912367;9.8;2.744324605894974;7.309564168912395
0;1.553999999999997;53.111960205821404;6.843919091326253;0.0;42.47650993790043;6.843919091326253;25.93647572438477;22.538764168912365;9.8;2.744324605894974;7.309564168912395
0;1.561999999999997;53.16671155855202;6.843919091326253;0.0;42.47650993790043;6.843919091326253;26.11709943773607;22.617164168912367;9.8;2.744324605894974;7.309564168912395
0;1.5709999999999968;53.22830683037395;6.843919091326253;0.0;42.47650993790043;6.843919091326253;26.321050815256278;22.705364168912368;9.8;2.744324605894974;7.309564168912395
0;1.5799999999999967;53.28990210219589;6.843919091326253;0.0;42.47650993790043;6.843919091326253;26.525795992776487;22.793564168912365;9.8;2.744324605894974;7.309564168912395
0;1.5889999999999966;53.351497374017825;6.843919091326253;0.0;42.47650993790043;6.843919091326253;26.731334970296693;22.881764168912362;9.8;2.744324605894974;7.309564168912395
0;1.5969999999999966;53.40624872674843;6.843919091326253;0.0;42.47650993790043;6.843919091326253;26.914702683647995;22.960164168912364;9.8;2.744324605894974;7.309564168912395
0;1.6049999999999967;53.46100007947904;6.843919091326253;0.0;42.47650993790043;6.843919091326253;27.098697596999294;23.038564168912366;9.8;2.744324605894974;7.309564168912395
0;1.6129999999999967;53.515751432209655;6.843919091326253;0.0;42.47650993790043;6.843919091326253;27.28331971035059;23.116964168912364;9.8;2.744324605894974;7.309564168912395
0;1.6219999999999966;53.57734670403159;6.843919091326253;0.0;42.47650993790043;6.843919091326253;27.4917692878708;23.20516416891236;9.8;2.744324605894974;7.309564168912395
0;1.6299999999999966;53.6320980567622;6.843919091326253;0.0;42.47650993790043;6.843919091326253;27.677724201222098;23.283564168912363;9.8;2.744324605894974;7.309564168912395
0;1.6389999999999965;53.69369332858413;6.843919091326253;0.0;42.47650993790043;6.843919091326253;27.887673178742308;23.37176416891236;9.8;2.744324605894974;7.309564168912395
0;1.6469999999999965;53.748444681314744;6.843919091326253;0.0;42.47650993790043;6.843919091326253;28.074960892093607;23.450164168912362;9.8;2.744324605894974;7.309564168912395
0;1.6549999999999965;53.80319603404536;6.843919091326253;0.0;42.47650993790043;6.843919091326253;28.262875805444907;23.52856416891236;9.8;2.744324605894974;7.309564168912395
0;1.6639999999999964;53.86479130586729;6.843919091326253;0.0;42.47650993790043;6.843919091326253;28.475029782965116;23.61676416891236;9.8;2.744324605894974;7.309564168912395
0;1.6719999999999964;53.919542658597905;6.843919091326253;0.0;42.47650993790043;6.843919091326253;28.664277496316416;23.69516416891236;9.8;2.744324605894974;7.309564168912395
0;1.6809999999999963;53.981137930419834;6.843919091326253;0.0;42.47650993790043;6.843919091326253;28.877930873836622;23.78336416891236;9.8;2.744324605894974;7.309564168912395
0;1.6899999999999962;54.04273320224177;6.843919091326253;0.0;42.47650993790043;6.843919091326253;29.09237805135683;23.871564168912357;9.8;2.744324605894974;7.309564168912395
0;1.698999999999996;54.104328474063706;6.843919091326253;0.0;42.47650993790043;6.843919091326253;29.30761902887704;23.959764168912358;9.8;2.744324605894974;7.309564168912395
0;1.707999999999996;54.16592374588564;6.843919091326253;0.0;42.47650993790043;6.843919091326253;29.52365380639725;24.047964168912358;9.8;2.744324605894974;7.309564168912395
0;1.7169999999999959;54.22751901770758;6.843919091326253;0.0;42.47650993790043;6.843919091326253;29.740482383917456;24.136164168912355;9.8;2.744324605894974;7.309564168912395
0;1.7259999999999958;54.289114289529515;6.843919091326253;0.0;42.47650993790043;6.843919091326253;29.958104761437667;24.224364168912356;9.8;2.744324605894974;7.309564168912395
0;1.7349999999999957;54.35070956135145;6.843919091326253;0.0;42.47650993790043;6.843919091326253;30.176520938957875;24.312564168912353;9.8;2.744324605894974;7.309564168912395
0;1.7429999999999957;54.405460914082056;6.843919091326253;0.0;42.47650993790043;6.843919091326253;30.371335052309174;24.390964168912355;9.8;2.744324605894974;7.309564168912395
0;1.7519999999999956;54.467056185904;6.843919091326253;0.0;42.47650993790043;6.843919091326253;30.591250629829382;24.47916416891235;9.8;2.744324605894974;7.309564168912395
0;1.7609999999999955;54.52865145772593;6.843919091326253;0.0;42.47650993790043;6.843919091326253;30.81196000734959;24.567364168912352;9.8;2.744324605894974;7.309564168912395
0;1.7699999999999954;54.590246729547864;6.843919091326253;0.0;42.47650993790043;6.843919091326253;31.0334631848698;24.655564168912353;9.8;2.744324605894974;7.309564168912395
0;1.7789999999999953;54.6518420013698;6.843919091326253;0.0;42.47650993790043;6.843919091326253;31.25576016239001;24.74376416891235;9.8;2.744324605894974;7.309564168912395
0;1.7879999999999951;54.71343727319174;6.843919091326253;0.0;42.47650993790043;6.843919091326253;31.478850939910217;24.83196416891235;9.8;2.744324605894974;7.309564168912395
0;1.796999999999995;54.77503254501367;6.843919091326253;0.0;42.47650993790043;6.843919091326253;31.702735517430426;24.920164168912347;9.8;2.744324605894974;7.309564168912395
0;1.804999999999995;54.829783897744285;6.843919091326253;0.0;42.47650993790043;6.843919091326253;31.902410430781725;24.99856416891235;9.8;2.744324605894974;7.309564168912395
0;1.812999999999995;54.8845352504749;6.843919091326253;0.0;42.47650993790043;6.843919091326253;32.10271254413303;25.076964168912347;9.8;2.744324605894974;7.309564168912395
0;1.821999999999995;54.946130522296826;6.843919091326253;0.0;42.47650993790043;6.843919091326253;32.32880212165323;25.165164168912348;9.8;2.744324605894974;7.309564168912395
0;1.829999999999995;55.00088187502744;6.843919091326253;0.0;42.47650993790043;6.843919091326253;32.53043703500453;25.243564168912346;9.8;2.744324605894974;7.309564168912395
0;1.8389999999999949;55.062477146849375;6.843919091326253;0.0;42.47650993790043;6.843919091326253;32.75802601252474;25.331764168912347;9.8;2.744324605894974;7.309564168912395
0;1.8469999999999949;55.11722849957999;6.843919091326253;0.0;42.47650993790043;6.843919091326253;32.96099372587604;25.410164168912345;9.8;2.744324605894974;7.309564168912395
0;1.8559999999999948;55.17882377140192;6.843919091326253;0.0;42.47650993790043;6.843919091326253;33.19008210339625;25.498364168912346;9.8;2.744324605894974;7.309564168912395
0;1.8639999999999948;55.23357512413253;6.843919091326253;0.0;42.47650993790043;6.843919091326253;33.39438261674755;25.576764168912344;9.8;2.744324605894974;7.309564168912395
0;1.8719999999999948;55.28832647686314;6.843919091326253;0.0;42.47650993790043;6.843919091326253;33.599310330098845;25.655164168912346;9.8;2.744324605894974;7.309564168912395
0;1.8799999999999948;55.34307782959375;6.843919091326253;0.0;42.47650993790043;6.843919091326253;33.804865243450145;25.733564168912345;9.8;2.744324605894974;7.309564168912395
0;1.8889999999999947;55.40467310141569;6.843919091326253;0.0;42.47650993790043;6.843919091326253;34.03686422097035;25.821764168912345;9.8;2.744324605894974;7.309564168912395
0;1.8969999999999947;55.459424454146294;6.843919091326253;0.0;42.47650993790043;6.843919091326253;34.24375193432165;25.900164168912344;9.8;2.744324605894974;7.309564168912395
0;1.9059999999999946;55.52101972596823;6.843919091326253;0.0;42.47650993790043;6.843919091326253;34.47725031184186;25.988364168912344;9.8;2.744324605894974;7.309564168912395
0;1.9139999999999946;55.57577107869884;6.843919091326253;0.0;42.47650993790043;6.843919091326253;34.68547082519316;26.066764168912343;9.8;2.744324605894974;7.309564168912395
0;1.9219999999999946;55.630522431429455;6.843919091326253;0.0;42.47650993790043;6.843919091326253;34.89431853854446;26.145164168912345;9.8;2.744324605894974;7.309564168912395
0;1.9309999999999945;55.692117703251384;6.843919091326253;0.0;42.47650993790043;6.843919091326253;35.13002191606466;26.233364168912342;9.8;2.744324605894974;7.309564168912395
0;1.9399999999999944;55.75371297507333;6.843919091326253;0.0;42.47650993790043;6.843919091326253;35.36651909358487;26.321564168912342;9.8;2.744324605894974;7.309564168912395
0;1.9479999999999944;55.80846432780393;6.843919091326253;0.0;42.47650993790043;6.843919091326253;35.57740520693618;26.39996416891234;9.8;2.744324605894974;7.309564168912395
0;1.9569999999999943;55.87005959962587;6.843919091326253;0.0;42.47650993790043;6.843919091326253;35.815401784456384;26.48816416891234;9.8;2.744324605894974;7.309564168912395
0;1.9659999999999942;55.931654871447805;6.843919091326253;0.0;42.47650993790043;6.843919091326253;36.05419216197659;26.576364168912338;9.8;2.744324605894974;7.309564168912395
